{
  "extends": ["config:base"],
  "labels": ["dependencies", "skip-change-log"],
  "prHourlyLimit": 0,
  "prConcurrentLimit": 0,
  "prCreation": "immediate",
  "minimumReleaseAge": "7 days",
  "internalChecksFilter": "strict",
  "vulnerabilityAlerts": {
    "addLabels": ["security"]
  },
  "major": {
    "addLabels": ["semver-major"]
  },
  "packageRules": [
    {
      "matchPackagePatterns": ["*"],
      "rangeStrategy": "bump"
    },
    {
      "matchDepTypes": ["devDependencies"],
      "rangeStrategy": "pin"
    },
    {
      "matchDepTypes": ["peerDependencies"],
      "rangeStrategy": "widen"
    }
  ]
}
